{"is_source_file": true, "format": "JavaScript/React", "description": "This file defines a React component 'RecipeDetailPage' responsible for fetching and displaying detailed information about a specific recipe, including ingredients, steps, image, and tags. It includes utility functions for normalizing recipe data and manages various UI states such as loading and error states.", "external_files": ["../api/client", "../components/States", "react", "react-router-dom"], "external_methods": ["getRecipeById", "useParams", "Link"], "published": ["RecipeDetailPage"], "classes": [], "methods": [{"name": "normalizeIngredient(i)", "description": "Normalizes an ingredient object or string to a displayable string.", "scope": "", "scopeKind": ""}, {"name": "normalizeStep(s)", "description": "Normalizes a step object or string to a displayable string.", "scope": "", "scopeKind": ""}, {"name": "RecipeDetailPage()", "scope": "", "scopeKind": "", "description": "unavailable"}, {"name": "load()", "scope": "RecipeDetailPage", "scopeKind": "function", "description": "unavailable"}], "calls": ["getRecipeById", "useParams", "useState", "useEffect", "useMemo", "window.location.reload", "Link"], "search-terms": ["RecipeDetailPage", "getRecipeById", "React", "useParams", "loading", "error handling", "ingredients", "steps", "normalizeIngredient", "normalizeStep"], "state": 2, "file_id": 19, "knowledge_revision": 44, "git_revision": "c9ecf7bc47fa4fed1e26c8dfcfed5dc6ae26cea3", "ctags": [{"_type": "tag", "name": "RecipeDetailPage", "path": "/home/kavia/workspace/code-generation/culinary-explorer-203694-203705/food_recipe_frontend/src/pages/RecipeDetailPage.js", "pattern": "/^export function RecipeDetailPage() {$/", "language": "JavaScript", "kind": "function", "signature": "()"}, {"_type": "tag", "name": "errorMsg", "path": "/home/kavia/workspace/code-generation/culinary-explorer-203694-203705/food_recipe_frontend/src/pages/RecipeDetailPage.js", "pattern": "/^          description={errorMsg}$/", "language": "JavaScript", "kind": "field", "scope": "RecipeDetailPage.description", "scopeKind": "class"}, {"_type": "tag", "name": "load", "path": "/home/kavia/workspace/code-generation/culinary-explorer-203694-203705/food_recipe_frontend/src/pages/RecipeDetailPage.js", "pattern": "/^    async function load() {$/", "language": "JavaScript", "kind": "function", "signature": "()", "scope": "RecipeDetailPage", "scopeKind": "function"}, {"_type": "tag", "name": "normalizeIngredient", "path": "/home/kavia/workspace/code-generation/culinary-explorer-203694-203705/food_recipe_frontend/src/pages/RecipeDetailPage.js", "pattern": "/^function normalizeIngredient(i) {$/", "language": "JavaScript", "kind": "function", "signature": "(i)"}, {"_type": "tag", "name": "normalizeStep", "path": "/home/kavia/workspace/code-generation/culinary-explorer-203694-203705/food_recipe_frontend/src/pages/RecipeDetailPage.js", "pattern": "/^function normalizeStep(s) {$/", "language": "JavaScript", "kind": "function", "signature": "(s)"}], "hash": "925c2d13db7c35b9e78371a510fb6c3a", "format-version": 4, "code-base-name": "food_recipe_frontend", "filename": "food_recipe_frontend/src/pages/RecipeDetailPage.js", "fields": [{"name": "description={errorMsg}", "scope": "RecipeDetailPage.description", "scopeKind": "class", "description": "unavailable"}], "revision_history": [{"44": "c9ecf7bc47fa4fed1e26c8dfcfed5dc6ae26cea3"}]}