{"is_source_file": true, "file_id": 15, "git_revision": "", "state": 1, "description": "", "external_files": [], "external_methods": [], "published": [], "classes": [], "methods": [], "calls": [], "search-terms": [], "ctags": [{"_type": "tag", "name": "EmptyState", "path": "/home/kavia/workspace/code-generation/culinary-explorer-203694-203705/food_recipe_frontend/src/components/States.js", "pattern": "/^export function EmptyState({$/", "language": "JavaScript", "kind": "function", "signature": "({ title = \"No recipes found\", description = \"Try a different search term or clear filters.\", action, })"}, {"_type": "tag", "name": "ErrorState", "path": "/home/kavia/workspace/code-generation/culinary-explorer-203694-203705/food_recipe_frontend/src/components/States.js", "pattern": "/^export function ErrorState({$/", "language": "JavaScript", "kind": "function", "signature": "({ title = \"Something went wrong\", description = \"Please try again.\", onRetry, })"}, {"_type": "tag", "name": "LoadingState", "path": "/home/kavia/workspace/code-generation/culinary-explorer-203694-203705/food_recipe_frontend/src/components/States.js", "pattern": "/^export function LoadingState({ title = \"Loading\u2026\", description = \"Fetching recipes.\" }) {$/", "language": "JavaScript", "kind": "function", "signature": "({ title = \"Loading\u2026\", description = \"Fetching recipes.\" })"}], "format": "JavaScript", "hash": "ba5adfb41e1c75fac25680fb3277f375", "format-version": 4, "code-base-name": "food_recipe_frontend", "filename": "food_recipe_frontend/src/components/States.js", "knowledge_revision": 28}