{"is_source_file": true, "format": "JavaScript (React JSX)", "description": "Entry point for the React application that initializes and renders the main App component into the DOM.", "external_files": ["react", "react-dom/client", "./index.css", "./App"], "external_methods": ["ReactDOM.createRoot", "React.StrictMode", "ReactDOM.createRoot().render"], "published": [], "classes": [], "methods": [{"name": "root.render", "description": "Renders the React component tree into the DOM element with id 'root'."}], "calls": ["ReactDOM.createRoot", "root.render"], "search-terms": ["React", "ReactDOM", "index.js", "entry point", "render"], "state": 2, "file_id": 7, "knowledge_revision": 39, "git_revision": "c9ecf7bc47fa4fed1e26c8dfcfed5dc6ae26cea3", "revision_history": [{"25": "322b46c40fb5a1005e6dbd1bf9ef3549be721f57"}, {"39": "c9ecf7bc47fa4fed1e26c8dfcfed5dc6ae26cea3"}], "ctags": [{"_type": "tag", "name": "root", "path": "/home/kavia/workspace/code-generation/culinary-explorer-203694-203705/food_recipe_frontend/src/index.js", "pattern": "/^const root = ReactDOM.createRoot(document.getElementById(\"root\"));$/", "language": "JavaScript", "kind": "constant"}], "hash": "c5fdafd1d21c91382ec28c1710d2c642", "format-version": 4, "code-base-name": "food_recipe_frontend", "filename": "food_recipe_frontend/src/index.js"}