{"is_source_file": true, "format": "JavaScript (React JSX)", "description": "A React component module defining a RecipeCard component that displays recipe details including image, title, description, and tags, and includes a helper TagPill component for rendering tag labels.", "external_files": ["react", "react-router-dom"], "external_methods": ["Link"], "published": ["RecipeCard"], "classes": [], "methods": [{"name": "TagPill({ label })", "description": "A functional component that renders a span element styled as a pill for displaying a label.", "scope": "", "scopeKind": ""}, {"name": "RecipeCard({ recipe })", "description": "A React functional component that renders a recipe card with image, title, description, and tags, linking to detailed recipe page.", "scope": "", "scopeKind": ""}], "calls": ["encodeURIComponent", "React", "Link", "TagPill"], "search-terms": ["RecipeCard", "React component", "recipe display", "recipe tags", "food recipe front end", "card component"], "state": 2, "file_id": 16, "knowledge_revision": 41, "git_revision": "c9ecf7bc47fa4fed1e26c8dfcfed5dc6ae26cea3", "ctags": [{"_type": "tag", "name": "RecipeCard", "path": "/home/kavia/workspace/code-generation/culinary-explorer-203694-203705/food_recipe_frontend/src/components/RecipeCard.js", "pattern": "/^export function RecipeCard({ recipe }) {$/", "language": "JavaScript", "kind": "function", "signature": "({ recipe })"}, {"_type": "tag", "name": "TagPill", "path": "/home/kavia/workspace/code-generation/culinary-explorer-203694-203705/food_recipe_frontend/src/components/RecipeCard.js", "pattern": "/^function TagPill({ label }) {$/", "language": "JavaScript", "kind": "function", "signature": "({ label })"}], "hash": "9dcd824cc2c1a7b52e712ac8fefba468", "format-version": 4, "code-base-name": "food_recipe_frontend", "filename": "food_recipe_frontend/src/components/RecipeCard.js", "revision_history": [{"41": "c9ecf7bc47fa4fed1e26c8dfcfed5dc6ae26cea3"}]}