{"is_source_file": true, "format": "JavaScript (React)", "description": "This source file defines the RecipesPage React component, which provides a user interface for browsing, searching, and filtering recipes. It manages state for search queries, tags, loading/error states, and fetches recipe data via an API client.", "external_files": ["../api/client", "../components/RecipeCard", "../components/States", "../components/SearchBar"], "external_methods": ["listRecipes"], "published": ["RecipesPage"], "classes": [], "methods": [{"name": "uniqueTags(recipes)", "description": "Generates a sorted list of unique tags from a collection of recipes.", "scope": "", "scopeKind": ""}, {"name": "useDebouncedValue(value, delayMs)", "description": "Custom React hook that debounces a value with a specified delay in milliseconds.", "scope": "", "scopeKind": ""}, {"name": "RecipesPage()", "scope": "", "scopeKind": "", "description": "unavailable"}], "calls": ["listRecipes", "setDebounced", "setLoading", "setErrorMsg", "setRecipes", "setQuery", "setTag", "load"], "search-terms": ["RecipesPage", "useDebouncedValue", "uniqueTags", "filter", "search", "tags", "loading", "error", "React component"], "state": 2, "file_id": 18, "knowledge_revision": 43, "git_revision": "c9ecf7bc47fa4fed1e26c8dfcfed5dc6ae26cea3", "ctags": [{"_type": "tag", "name": "RecipesPage", "path": "/home/kavia/workspace/code-generation/culinary-explorer-203694-203705/food_recipe_frontend/src/pages/RecipesPage.js", "pattern": "/^export function RecipesPage() {$/", "language": "JavaScript", "kind": "function", "signature": "()"}, {"_type": "tag", "name": "onClear", "path": "/home/kavia/workspace/code-generation/culinary-explorer-203694-203705/food_recipe_frontend/src/pages/RecipesPage.js", "pattern": "/^        onClear={onClear}$/", "language": "JavaScript", "kind": "field", "scope": "onClear", "scopeKind": "class"}, {"_type": "tag", "name": "query", "path": "/home/kavia/workspace/code-generation/culinary-explorer-203694-203705/food_recipe_frontend/src/pages/RecipesPage.js", "pattern": "/^        query={query}$/", "language": "JavaScript", "kind": "field", "scope": "query", "scopeKind": "class"}, {"_type": "tag", "name": "setQuery", "path": "/home/kavia/workspace/code-generation/culinary-explorer-203694-203705/food_recipe_frontend/src/pages/RecipesPage.js", "pattern": "/^        onQueryChange={setQuery}$/", "language": "JavaScript", "kind": "field", "scope": "onQueryChange", "scopeKind": "class"}, {"_type": "tag", "name": "setTag", "path": "/home/kavia/workspace/code-generation/culinary-explorer-203694-203705/food_recipe_frontend/src/pages/RecipesPage.js", "pattern": "/^        onTagChange={setTag}$/", "language": "JavaScript", "kind": "field", "scope": "onTagChange", "scopeKind": "class"}, {"_type": "tag", "name": "tag", "path": "/home/kavia/workspace/code-generation/culinary-explorer-203694-203705/food_recipe_frontend/src/pages/RecipesPage.js", "pattern": "/^        tag={tag}$/", "language": "JavaScript", "kind": "field", "scope": "tag", "scopeKind": "class"}, {"_type": "tag", "name": "tags", "path": "/home/kavia/workspace/code-generation/culinary-explorer-203694-203705/food_recipe_frontend/src/pages/RecipesPage.js", "pattern": "/^        availableTags={tags}$/", "language": "JavaScript", "kind": "field", "scope": "availableTags", "scopeKind": "class"}, {"_type": "tag", "name": "uniqueTags", "path": "/home/kavia/workspace/code-generation/culinary-explorer-203694-203705/food_recipe_frontend/src/pages/RecipesPage.js", "pattern": "/^function uniqueTags(recipes) {$/", "language": "JavaScript", "kind": "function", "signature": "(recipes)"}, {"_type": "tag", "name": "useDebouncedValue", "path": "/home/kavia/workspace/code-generation/culinary-explorer-203694-203705/food_recipe_frontend/src/pages/RecipesPage.js", "pattern": "/^function useDebouncedValue(value, delayMs) {$/", "language": "JavaScript", "kind": "function", "signature": "(value, delayMs)"}], "hash": "83f2981039ff2642e855025ebd9448d5", "format-version": 4, "code-base-name": "food_recipe_frontend", "filename": "food_recipe_frontend/src/pages/RecipesPage.js", "fields": [{"name": "onClear={onClear}", "scope": "onClear", "scopeKind": "class", "description": "unavailable"}, {"name": "query={query}", "scope": "query", "scopeKind": "class", "description": "unavailable"}, {"name": "onQueryChange={setQuery}", "scope": "onQueryChange", "scopeKind": "class", "description": "unavailable"}, {"name": "onTagChange={setTag}", "scope": "onTagChange", "scopeKind": "class", "description": "unavailable"}, {"name": "tag={tag}", "scope": "tag", "scopeKind": "class", "description": "unavailable"}, {"name": "availableTags={tags}", "scope": "availableTags", "scopeKind": "class", "description": "unavailable"}], "revision_history": [{"43": "c9ecf7bc47fa4fed1e26c8dfcfed5dc6ae26cea3"}]}