{"is_source_file": false, "format": "", "description": "", "external_files": [], "external_methods": [], "published": [], "classes": [], "methods": [], "calls": [], "search-terms": [], "state": 2, "file_id": 3, "knowledge_revision": 38, "git_revision": "c9ecf7bc47fa4fed1e26c8dfcfed5dc6ae26cea3", "hash": "6e0537d5076bc5a0adee66a8dc5ee5ce", "format-version": 4, "code-base-name": "food_recipe_frontend", "filename": "food_recipe_frontend/src/index.css", "revision_history": [{"38": "c9ecf7bc47fa4fed1e26c8dfcfed5dc6ae26cea3"}]}