{"is_source_file": false, "format": "", "description": "", "external_files": [], "external_methods": [], "published": [], "classes": [], "methods": [], "calls": [], "search-terms": [], "state": 2, "file_id": 11, "knowledge_revision": 21, "git_revision": "322b46c40fb5a1005e6dbd1bf9ef3549be721f57", "hash": "d2b40d02d5f7873d8a6713bad837edd4", "format-version": 4, "code-base-name": "food_recipe_frontend", "filename": "food_recipe_frontend/public/index.html", "revision_history": [{"21": "322b46c40fb5a1005e6dbd1bf9ef3549be721f57"}]}