{"is_source_file": false, "format": "", "description": "", "external_files": [], "external_methods": [], "published": [], "classes": [], "methods": [], "calls": [], "search-terms": [], "state": 2, "file_id": 3, "knowledge_revision": 16, "git_revision": "322b46c40fb5a1005e6dbd1bf9ef3549be721f57", "hash": "6c2104b8d219ed99234ae2d6329f4357", "format-version": 4, "code-base-name": "food_recipe_frontend", "filename": "food_recipe_frontend/src/index.css", "revision_history": [{"16": "322b46c40fb5a1005e6dbd1bf9ef3549be721f57"}]}