{"is_source_file": true, "format": "JavaScript", "description": "Entry point file for a React web application, responsible for rendering the root component into the DOM.", "external_files": ["./index.css", "./App"], "external_methods": ["ReactDOM.createRoot", "root.render"], "published": [], "classes": [], "methods": [{"name": "ReactDOM.createRoot", "description": "Creates a root to render a React component tree."}, {"name": "root.render", "description": "Renders React elements into the DOM at the specified root."}], "calls": ["ReactDOM.createRoot", "root.render", "<React.StrictMode>", "<App />"], "search-terms": ["index.js", "ReactDOM", "render", "createRoot", "StrictMode", "React"], "state": 2, "file_id": 7, "knowledge_revision": 25, "git_revision": "322b46c40fb5a1005e6dbd1bf9ef3549be721f57", "ctags": [{"_type": "tag", "name": "root", "path": "/home/kavia/workspace/code-generation/culinary-explorer-203694-203705/food_recipe_frontend/src/index.js", "pattern": "/^const root = ReactDOM.createRoot(document.getElementById('root'));$/", "language": "JavaScript", "kind": "constant"}], "hash": "9fc5841375336fc175b49f8767a11383", "format-version": 4, "code-base-name": "food_recipe_frontend", "filename": "food_recipe_frontend/src/index.js", "revision_history": [{"25": "322b46c40fb5a1005e6dbd1bf9ef3549be721f57"}]}