{"is_source_file": true, "format": "JavaScript", "description": "This file defines a React functional component named SearchBar, which provides a UI for searching recipes and filtering by tags. It includes inputs for text search, a dropdown for tags, and a clear button. The component is intended for use within a larger React application related to a food recipe project.", "external_files": [], "external_methods": [], "published": ["SearchBar"], "classes": [], "methods": [{"name": "SearchBar({ query, onQueryChange, tag, onTagChange, availableTags = [], onClear, })", "description": "A React functional component that renders a search and filter interface for recipes, including a search input, tag filter dropdown, and a clear button.", "scope": "", "scopeKind": ""}], "calls": ["React"], "search-terms": ["SearchBar", "React component", "recipe search", "filter by tag", "food recipe frontend", "search input", "tag dropdown"], "state": 2, "file_id": 17, "knowledge_revision": 42, "git_revision": "c9ecf7bc47fa4fed1e26c8dfcfed5dc6ae26cea3", "ctags": [{"_type": "tag", "name": "SearchBar", "path": "/home/kavia/workspace/code-generation/culinary-explorer-203694-203705/food_recipe_frontend/src/components/SearchBar.js", "pattern": "/^export function SearchBar({$/", "language": "JavaScript", "kind": "function", "signature": "({ query, onQueryChange, tag, onTagChange, availableTags = [], onClear, })"}, {"_type": "tag", "name": "query", "path": "/home/kavia/workspace/code-generation/culinary-explorer-203694-203705/food_recipe_frontend/src/components/SearchBar.js", "pattern": "/^            value={query}$/", "language": "JavaScript", "kind": "field", "scope": "SearchBar.value", "scopeKind": "class"}, {"_type": "tag", "name": "tag", "path": "/home/kavia/workspace/code-generation/culinary-explorer-203694-203705/food_recipe_frontend/src/components/SearchBar.js", "pattern": "/^            value={tag}$/", "language": "JavaScript", "kind": "field", "scope": "SearchBar.value", "scopeKind": "class"}], "hash": "12ecacbfe5398aff474e18c6bf276d89", "format-version": 4, "code-base-name": "food_recipe_frontend", "filename": "food_recipe_frontend/src/components/SearchBar.js", "fields": [{"name": "value={query}", "scope": "SearchBar.value", "scopeKind": "class", "description": "unavailable"}, {"name": "value={tag}", "scope": "SearchBar.value", "scopeKind": "class", "description": "unavailable"}], "revision_history": [{"42": "c9ecf7bc47fa4fed1e26c8dfcfed5dc6ae26cea3"}]}