{"is_source_file": true, "format": "JavaScript/React", "description": "This file defines the main application component for a React-based web app, setting up routing with react-router-dom and rendering layout and page components.", "external_files": ["./components/Layout", "./pages/RecipesPage", "./pages/RecipeDetailPage", "./App.css"], "external_methods": ["React", "BrowserRouter", "Navigate", "Route", "Routes"], "published": ["default", "App"], "classes": [], "methods": [{"name": "App()", "description": "Main application component configuring routing and layout.", "scope": "", "scopeKind": ""}], "calls": ["React", "BrowserRouter", "Layout", "Routes", "Route", "Navigate"], "search-terms": ["React", "Router", "Layout", "Routes", "RecipesPage", "RecipeDetailPage", "App.js"], "state": 2, "file_id": 5, "knowledge_revision": 35, "git_revision": "c9ecf7bc47fa4fed1e26c8dfcfed5dc6ae26cea3", "revision_history": [{"24": "322b46c40fb5a1005e6dbd1bf9ef3549be721f57"}, {"35": "c9ecf7bc47fa4fed1e26c8dfcfed5dc6ae26cea3"}], "ctags": [{"_type": "tag", "name": "App", "path": "/home/kavia/workspace/code-generation/culinary-explorer-203694-203705/food_recipe_frontend/src/App.js", "pattern": "/^function App() {$/", "language": "JavaScript", "kind": "function", "signature": "()"}], "hash": "fae264080b1a376d4da62834e5a6176f", "format-version": 4, "code-base-name": "food_recipe_frontend", "filename": "food_recipe_frontend/src/App.js"}