{"is_source_file": false, "format": "", "description": "", "external_files": [], "external_methods": [], "published": [], "classes": [], "methods": [], "calls": [], "search-terms": [], "state": 2, "file_id": 10, "knowledge_revision": 18, "git_revision": "322b46c40fb5a1005e6dbd1bf9ef3549be721f57", "hash": "be6538e7523bc2e9da0743133d784136", "format-version": 4, "code-base-name": "food_recipe_frontend", "filename": "food_recipe_frontend/eslint.config.mjs", "revision_history": [{"18": "322b46c40fb5a1005e6dbd1bf9ef3549be721f57"}]}