{"is_source_file": false, "format": "", "description": "", "external_files": [], "external_methods": [], "published": [], "classes": [], "methods": [], "calls": [], "search-terms": [], "state": 2, "file_id": 12, "knowledge_revision": 20, "git_revision": "322b46c40fb5a1005e6dbd1bf9ef3549be721f57", "hash": "d9d975cebe2ec20b6c652e1e4c12ccf0", "format-version": 4, "code-base-name": "food_recipe_frontend", "filename": "food_recipe_frontend/public/manifest.json", "revision_history": [{"20": "322b46c40fb5a1005e6dbd1bf9ef3549be721f57"}]}