{"is_source_file": true, "format": "JavaScript (React JSX)", "description": "This file defines and exports three React functional components: LoadingState, ErrorState, and EmptyState. These components are used to represent different UI states in the application related to data fetching and user feedback.", "external_files": ["react"], "external_methods": [], "published": ["LoadingState", "ErrorState", "EmptyState"], "classes": [], "methods": [{"name": "LoadingState({ title = \"Loading\u2026\", description = \"Fetching recipes.\" })", "description": "A React component that displays a loading indicator with optional title and description.", "scope": "", "scopeKind": ""}, {"name": "ErrorState({ title = \"Something went wrong\", description = \"Please try again.\", onRetry, })", "description": "A React component that displays an error message with an optional retry button.", "scope": "", "scopeKind": ""}, {"name": "EmptyState({ title = \"No recipes found\", description = \"Try a different search term or clear filters.\", action, })", "description": "A React component that indicates no data was found, with optional action controls.", "scope": "", "scopeKind": ""}], "calls": ["React"], "search-terms": ["States.js", "React components", "loading indicator", "error message", "empty state", "UI states", "recipe fetching"], "state": 2, "file_id": 15, "knowledge_revision": 37, "git_revision": "c9ecf7bc47fa4fed1e26c8dfcfed5dc6ae26cea3", "ctags": [{"_type": "tag", "name": "EmptyState", "path": "/home/kavia/workspace/code-generation/culinary-explorer-203694-203705/food_recipe_frontend/src/components/States.js", "pattern": "/^export function EmptyState({$/", "language": "JavaScript", "kind": "function", "signature": "({ title = \"No recipes found\", description = \"Try a different search term or clear filters.\", action, })"}, {"_type": "tag", "name": "ErrorState", "path": "/home/kavia/workspace/code-generation/culinary-explorer-203694-203705/food_recipe_frontend/src/components/States.js", "pattern": "/^export function ErrorState({$/", "language": "JavaScript", "kind": "function", "signature": "({ title = \"Something went wrong\", description = \"Please try again.\", onRetry, })"}, {"_type": "tag", "name": "LoadingState", "path": "/home/kavia/workspace/code-generation/culinary-explorer-203694-203705/food_recipe_frontend/src/components/States.js", "pattern": "/^export function LoadingState({ title = \"Loading\u2026\", description = \"Fetching recipes.\" }) {$/", "language": "JavaScript", "kind": "function", "signature": "({ title = \"Loading\u2026\", description = \"Fetching recipes.\" })"}], "hash": "ba5adfb41e1c75fac25680fb3277f375", "format-version": 4, "code-base-name": "food_recipe_frontend", "filename": "food_recipe_frontend/src/components/States.js", "revision_history": [{"37": "c9ecf7bc47fa4fed1e26c8dfcfed5dc6ae26cea3"}]}