{"is_source_file": false, "format": "", "description": "", "external_files": [], "external_methods": [], "published": [], "classes": [], "methods": [], "calls": [], "search-terms": [], "state": 2, "file_id": 8, "knowledge_revision": 19, "git_revision": "322b46c40fb5a1005e6dbd1bf9ef3549be721f57", "hash": "ebece526bc2eadd78ddd787a76c56607", "format-version": 4, "code-base-name": "food_recipe_frontend", "filename": "food_recipe_frontend/README.md", "revision_history": [{"19": "322b46c40fb5a1005e6dbd1bf9ef3549be721f57"}]}