{"is_source_file": true, "format": "JavaScript (React JSX)", "description": "This file defines a React functional component 'Layout' that serves as a general layout shell for a web application, including header, main content area, and footer.", "external_files": ["react", "react-router-dom"], "external_methods": ["Link from react-router-dom"], "published": ["Layout"], "classes": [], "methods": [{"name": "Layout({ children })", "description": "A React functional component that renders the application's layout including header, main content, and footer.", "scope": "", "scopeKind": ""}], "calls": ["Link", "process.env.REACT_APP_BACKEND_URL", "process.env.REACT_APP_API_BASE"], "search-terms": ["Layout", "React", "react-router-dom", "app shell", "navigation", "header", "footer"], "state": 2, "file_id": 14, "knowledge_revision": 34, "git_revision": "c9ecf7bc47fa4fed1e26c8dfcfed5dc6ae26cea3", "ctags": [{"_type": "tag", "name": "Layout", "path": "/home/kavia/workspace/code-generation/culinary-explorer-203694-203705/food_recipe_frontend/src/components/Layout.js", "pattern": "/^export function Layout({ children }) {$/", "language": "JavaScript", "kind": "function", "signature": "({ children })"}], "hash": "69ce983d4539c837bad57d70f82c1e70", "format-version": 4, "code-base-name": "food_recipe_frontend", "filename": "food_recipe_frontend/src/components/Layout.js", "revision_history": [{"34": "c9ecf7bc47fa4fed1e26c8dfcfed5dc6ae26cea3"}]}