{"is_source_file": false, "format": "", "description": "", "external_files": [], "external_methods": [], "published": [], "classes": [], "methods": [], "calls": [], "search-terms": [], "state": 2, "file_id": 4, "knowledge_revision": 36, "git_revision": "c9ecf7bc47fa4fed1e26c8dfcfed5dc6ae26cea3", "hash": "e72479450d2e1f5daa8a2f504db99713", "format-version": 4, "code-base-name": "food_recipe_frontend", "filename": "food_recipe_frontend/src/App.css", "revision_history": [{"36": "c9ecf7bc47fa4fed1e26c8dfcfed5dc6ae26cea3"}]}