{"is_source_file": false, "format": "", "description": "", "external_files": [], "external_methods": [], "published": [], "classes": [], "methods": [], "calls": [], "search-terms": [], "state": 2, "file_id": 6, "knowledge_revision": 23, "git_revision": "322b46c40fb5a1005e6dbd1bf9ef3549be721f57", "ctags": [], "hash": "1a77571e1a8cf36018a41bcedf60db75", "format-version": 4, "code-base-name": "food_recipe_frontend", "filename": "food_recipe_frontend/src/setupTests.js", "revision_history": [{"23": "322b46c40fb5a1005e6dbd1bf9ef3549be721f57"}]}