{"is_source_file": true, "file_id": 14, "git_revision": "", "state": 1, "description": "", "external_files": [], "external_methods": [], "published": [], "classes": [], "methods": [], "calls": [], "search-terms": [], "ctags": [{"_type": "tag", "name": "Layout", "path": "/home/kavia/workspace/code-generation/culinary-explorer-203694-203705/food_recipe_frontend/src/components/Layout.js", "pattern": "/^export function Layout({ children }) {$/", "language": "JavaScript", "kind": "function", "signature": "({ children })"}], "format": "JavaScript", "hash": "69ce983d4539c837bad57d70f82c1e70", "format-version": 4, "code-base-name": "food_recipe_frontend", "filename": "food_recipe_frontend/src/components/Layout.js", "knowledge_revision": 27}