{"is_source_file": false, "format": "", "description": "", "external_files": [], "external_methods": [], "published": [], "classes": [], "methods": [], "calls": [], "search-terms": [], "state": 2, "file_id": 9, "knowledge_revision": 45, "git_revision": "c9ecf7bc47fa4fed1e26c8dfcfed5dc6ae26cea3", "revision_history": [{"17": "322b46c40fb5a1005e6dbd1bf9ef3549be721f57"}, {"45": "c9ecf7bc47fa4fed1e26c8dfcfed5dc6ae26cea3"}], "hash": "ff8a8c816abae129c5b63ef7ea8e5c0a", "format-version": 4, "code-base-name": "food_recipe_frontend", "filename": "food_recipe_frontend/package.json"}