{"is_source_file": false, "format": "", "description": "", "external_files": [], "external_methods": [], "published": [], "classes": [], "methods": [], "calls": [], "search-terms": [], "state": 2, "file_id": 4, "knowledge_revision": 15, "git_revision": "322b46c40fb5a1005e6dbd1bf9ef3549be721f57", "hash": "22f9e17cc1848b56dbb244518ac2707e", "format-version": 4, "code-base-name": "food_recipe_frontend", "filename": "food_recipe_frontend/src/App.css", "revision_history": [{"15": "322b46c40fb5a1005e6dbd1bf9ef3549be721f57"}]}