{"is_source_file": false, "format": "", "description": "", "external_files": [], "external_methods": [], "published": [], "classes": [], "methods": [], "calls": [], "search-terms": [], "state": 2, "file_id": 9, "knowledge_revision": 17, "git_revision": "322b46c40fb5a1005e6dbd1bf9ef3549be721f57", "hash": "d001d53c059625c4bcf75bf5a7f3fcf0", "format-version": 4, "code-base-name": "food_recipe_frontend", "filename": "food_recipe_frontend/package.json", "revision_history": [{"17": "322b46c40fb5a1005e6dbd1bf9ef3549be721f57"}]}