{"is_source_file": false, "format": "", "description": "", "external_files": [], "external_methods": [], "published": [], "classes": [], "methods": [], "calls": [], "search-terms": [], "state": 2, "file_id": 1, "knowledge_revision": 14, "git_revision": "56fb39a28d6a1bde1899e29bc2f4aeea4257f264", "hash": "bced35613fecbfe8db7ed3c10e55e7fe", "format-version": 4, "code-base-name": "food_recipe_frontend", "filename": "README.md", "revision_history": [{"14": "56fb39a28d6a1bde1899e29bc2f4aeea4257f264"}]}